{
  "FE_SCS1:SOLR_D0704": {
    "B": 0.0
  }, 
  "FE_SCS1:DCH_D0709": {
    "ANG": 0.0
  }, 
  "FE_SCS1:DCV_D0709": {
    "ANG": 0.0
  }, 
  "FE_SCS1:DH_D0717": {
    "B": 0.0050696, 
    "ANG": 90.0, 
    "ENTANG": 0.0, 
    "EXTANG": 0.0
  }, 
  "FE_SCS1:DCH_D0723": {
    "ANG": 0.0
  }, 
  "FE_SCS1:DCV_D0723": {
    "ANG": 0.0
  }, 
  "FE_SCS1:QHE_D0726": {
    "V": 3985.56
  }, 
  "FE_SCS1:QVE_D0730": {
    "V": -7496.75
  }, 
  "FE_SCS1:QHE_D0733": {
    "V": 3609.39
  }, 
  "FE_SCS1:QHE_D0743": {
    "V": 3609.39
  }, 
  "FE_SCS1:QVE_D0746": {
    "V": -7496.75
  }, 
  "FE_SCS1:QHE_D0749": {
    "V": 3985.56
  }, 
  "FE_LEBT:DH_D0759": {
    "B": 0.0050696, 
    "ANG": 90.0, 
    "ENTANG": 0.0, 
    "EXTANG": 0.0
  }, 
  "FE_LEBT:QVE_D0767": {
    "V": -358.574
  }, 
  "FE_LEBT:QHE_D0770": {
    "V": 1266.99
  }, 
  "FE_LEBT:DCH_D0773": {
    "ANG": 0.0
  }, 
  "FE_LEBT:DCV_D0773": {
    "ANG": 0.0
  }, 
  "FE_LEBT:QHE_D0776": {
    "V": -2199.82
  }, 
  "FE_LEBT:QVE_D0780": {
    "V": 1372.1
  }, 
  "FE_LEBT:SOLR_D0787": {
    "B": 0.304029
  }, 
  "FE_LEBT:DCH_D0790": {
    "ANG": 0.0
  }, 
  "FE_LEBT:DCV_D0790": {
    "ANG": 0.0
  }, 
  "FE_LEBT:SOLR_D0802": {
    "B": 0.443058
  }, 
  "FE_LEBT:DCH_D0805": {
    "ANG": 0.0
  }, 
  "FE_LEBT:DCV_D0805": {
    "ANG": 0.0
  }, 
  "FE_LEBT:SOLR_D0818": {
    "B": 0.481683
  }, 
  "FE_LEBT:DCH_D0821": {
    "ANG": 0.0
  }, 
  "FE_LEBT:DCV_D0821": {
    "ANG": 0.0
  }, 
  "FE_LEBT:DVE_D0833": {
    "V": 0.00506953
  }, 
  "FE_LEBT:DCH_D0840": {
    "ANG": 0.0
  }, 
  "FE_LEBT:DCV_D0840": {
    "ANG": 0.0
  }, 
  "FE_LEBT:QHE_D0844": {
    "V": -3122.83
  }, 
  "FE_LEBT:QVE_D0848": {
    "V": 6341.75
  }, 
  "FE_LEBT:QHE_D0851": {
    "V": -4804.36
  }, 
  "FE_LEBT:DCH_D0868": {
    "ANG": 0.0
  }, 
  "FE_LEBT:DCV_D0868": {
    "ANG": 0.0
  }, 
  "FE_LEBT:QVE_D0871": {
    "V": 3920.62
  }, 
  "FE_LEBT:QHE_D0874": {
    "V": -6497.73
  }, 
  "FE_LEBT:QVE_D0878": {
    "V": 1931.65
  }, 
  "FE_LEBT:DCH_D0880": {
    "ANG": 0.0
  }, 
  "FE_LEBT:DCV_D0880": {
    "ANG": 0.0
  }, 
  "FE_LEBT:QVE_D0891": {
    "V": 1931.65
  }, 
  "FE_LEBT:QHE_D0895": {
    "V": -6497.73
  }, 
  "FE_LEBT:QVE_D0898": {
    "V": 3920.62
  }, 
  "FE_LEBT:DCH_D0901": {
    "ANG": 0.0
  }, 
  "FE_LEBT:DCV_D0901": {
    "ANG": 0.0
  }, 
  "FE_LEBT:QHE_D0918": {
    "V": -4804.36
  }, 
  "FE_LEBT:QVE_D0921": {
    "V": 6341.75
  }, 
  "FE_LEBT:QHE_D0924": {
    "V": -3122.83
  }, 
  "FE_LEBT:DCH_D0929": {
    "ANG": 0.0
  }, 
  "FE_LEBT:DCV_D0929": {
    "ANG": 0.0
  }, 
  "FE_LEBT:DVE_D0936": {
    "V": 0.00506953
  }, 
  "FE_LEBT:DCH_D0948": {
    "ANG": 0.0
  }, 
  "FE_LEBT:DCV_D0948": {
    "ANG": 0.0
  }, 
  "FE_LEBT:SOLR_D0951": {
    "B": 0.481683
  }, 
  "FE_LEBT:DCH_D0964": {
    "ANG": 0.0
  }, 
  "FE_LEBT:DCV_D0964": {
    "ANG": 0.0
  }, 
  "FE_LEBT:SOLR_D0967": {
    "B": 0.443058
  }, 
  "FE_LEBT:DCH_D0979": {
    "ANG": 0.0
  }, 
  "FE_LEBT:DCV_D0979": {
    "ANG": 0.0
  }, 
  "FE_LEBT:SOLR_D0982": {
    "B": 0.696513
  }, 
  "FE_LEBT:DCH_D0992": {
    "ANG": 0.0
  }, 
  "FE_LEBT:DCV_D0992": {
    "ANG": 0.0
  }, 
  "FE_LEBT:SOLR_D0995": {
    "B": 0.0
  }
}